ID,FirstName,LastName,Gender,Email,Username,DOB,Age,Country
9758941,Ivan,Steward,0,ivan.steward@example.com,angryladybug674,1973/02/16,51,United States
9955144,Owen,Peterson,0,owen.peterson@example.com,blackmeercat863,1961/05/30,63,United States
2111777,Mason,Johnston,0,mason.johnston@example.com,purplebird581,1984/02/20,40,United States
8338187,Ruben,Brown,0,ruben.brown@example.com,greenpanda501,1984/05/30,40,United States
1354555,Richard,Sanders,0,richard.sanders@example.com,greenkoala493,1982/06/14,41,United States
8378898,Bill,Hicks,0,bill.hicks@example.com,sadostrich427,1967/04/07,57,United States
5897337,Herbert,Parker,0,herbert.parker@example.com,redfrog218,1971/11/10,52,United States
2194126,Landon,Little,0,landon.little@example.com,redrabbit391,1982/01/20,42,United States
3497462,Greg,Smith,0,greg.smith@example.com,whitegorilla884,1957/05/10,67,United States
4587188,Jim,Sims,0,jim.sims@example.com,sadleopard287,1983/08/19,40,United States
7225516,Johnny,Gonzales,0,johnny.gonzales@example.com,ticklishwolf366,1998/08/03,25,United States
3251315,Ethan,Banks,0,ethan.banks@example.com,organicleopard949,1945/02/23,79,United States
5215288,Gilbert,Jordan,0,gilbert.jordan@example.com,blackostrich391,1954/12/14,69,United States
5525928,Roque,Monteiro,0,roque.monteiro@example.com,browngorilla752,1999/03/12,25,Brazil
2223897,Rapaz,Peixoto,0,rapaz.peixoto@example.com,beautifulleopard991,1980/11/19,43,Brazil
3391592,Manassés,Porto,0,manasses.porto@example.com,heavyzebra999,1990/06/26,33,Brazil
2946595,Samuel,Castro,0,samuel.castro@example.com,smallpeacock615,2001/01/08,23,Brazil
4485126,Sidónio,Nogueira,0,sidonio.nogueira@example.com,tinymeercat440,1957/04/17,67,Brazil
3269197,Rúpio,Lima,0,rupio.lima@example.com,yellowpanda892,1990/09/14,33,Brazil
9939425,Querubim,Duarte,0,querubim.duarte@example.com,smallmouse158,1978/10/01,45,Brazil
1693763,Bárbaro,Carvalho,0,barbaro.carvalho@example.com,crazymeercat573,1945/07/31,78,Brazil
3815467,Nereu,da Conceição,0,nereu.daconceicao@example.com,angrygoose167,1949/02/27,75,Brazil
6471948,Mapril,Rezende,0,mapril.rezende@example.com,blackostrich204,1949/11/12,74,Brazil
1529576,Adruzilo,das Neves,0,adruzilo.dasneves@example.com,lazydog897,1976/07/29,47,Brazil
7163133,Soeiro,Melo,0,soeiro.melo@example.com,heavycat720,1958/12/19,65,Brazil
5543643,Noame,Silva,0,noame.silva@example.com,whitelion740,2000/01/18,24,Brazil
7934964,Leo,Gagnon,0,leo.gagnon@example.com,goldenkoala257,1999/12/31,24,Canada
5774588,Dylan,Macdonald,0,dylan.macdonald@example.com,ticklishladybug702,1993/07/12,30,Canada
9341694,Ryder,Morin,0,ryder.morin@example.com,angrybird270,1988/05/22,36,Canada
7315192,Charles,French,0,charles.french@example.com,brownpeacock976,1991/04/19,33,Canada
9861612,Anthony,Denys,0,anthony.denys@example.com,beautifulduck979,1953/04/05,71,Canada
2552183,Arthur,Gauthier,0,arthur.gauthier@example.com,blacksnake861,1984/08/17,39,Canada
6991528,Owen,Slawa,0,owen.slawa@example.com,greenzebra557,1959/06/16,64,Canada
6568866,Antoine,White,0,antoine.white@example.com,blackgoose225,1987/07/11,36,Canada
1436781,Justin,Bouchard,0,justin.bouchard@example.com,orangeleopard531,1974/01/26,50,Canada
4883969,Tristan,Thompson,0,tristan.thompson@example.com,happylion983,1959/10/16,64,Canada
3837786,Elliot,Ma,0,elliot.ma@example.com,goldenmouse565,1961/04/04,63,Canada
1714888,Hunter,Jones,0,hunter.jones@example.com,silverostrich136,1970/09/13,53,Canada
7314296,Alexandre,Lam,0,alexandre.lam@example.com,bigwolf962,1946/02/25,78,Canada
9968868,Alfonso,Gamboa,0,alfonso.gamboa@example.com,goldenlion525,1994/08/04,29,Mexico
1995225,Renato,Gallegos,0,renato.gallegos@example.com,sadbutterfly558,1970/04/23,54,Mexico
3155523,Julio César,Cepeda,0,juliocesar.cepeda@example.com,angrytiger519,1988/10/27,35,Mexico
9238912,Diego,Tapia,0,diego.tapia@example.com,silverlion119,1996/02/04,28,Mexico
7625419,Fidel,Oquendo,0,fidel.oquendo@example.com,tinygoose928,1946/11/07,77,Mexico
9964614,José Carlos,Benavídez,0,josecarlos.benavidez@example.com,redduck143,1958/04/08,66,Mexico
4918864,Gabriel,Longoria,0,gabriel.longoria@example.com,greensnake908,1993/05/08,31,Mexico
4964725,Jerónimo,Jimínez,0,jeronimo.jiminez@example.com,tinymouse724,1993/02/01,31,Mexico
9565547,Rolando,Amador,0,rolando.amador@example.com,bigcat836,1989/05/07,35,Mexico
9968292,Isaac,Caraballo,0,isaac.caraballo@example.com,whitepeacock938,1969/10/24,54,Mexico
1684795,Ricardo,Benavides,0,ricardo.benavides@example.com,blueladybug822,1948/10/26,75,Mexico
3666679,Alta Gracia,Díaz,1,altagracia.diaz@example.com,whitegoose952,1996/04/14,28,Mexico
9196791,Mercedes,Pedroza,1,mercedes.pedroza@example.com,angrymouse511,1983/11/23,40,Mexico
9581884,Blanca,Treviño,1,blanca.trevino@example.com,smallmouse137,1966/09/04,57,Mexico
1196936,Guadalupe,Vela,1,guadalupe.vela@example.com,lazygorilla691,1965/08/21,58,Mexico
1121124,María del Carmen,Rico,1,mariadelcarmen.rico@example.com,angrygorilla673,1996/03/05,28,Mexico
7246316,Soledad,Quiñones,1,soledad.quinones@example.com,silverbird225,1949/10/12,74,Mexico
1957727,Anel,Gonzales,1,anel.gonzales@example.com,lazywolf552,1990/12/20,33,Mexico
5877897,Paola,Ocampo,1,paola.ocampo@example.com,silversnake785,1946/04/07,78,Mexico
8341895,Guadalupe,Navarrete,1,guadalupe.navarrete@example.com,purpleduck975,1958/11/04,65,Mexico
5525853,Norma,Alemán,1,norma.aleman@example.com,blackbutterfly995,1961/10/23,62,Mexico
7241471,Paulina,Puente,1,paulina.puente@example.com,smallkoala448,1959/04/10,65,Mexico
2212928,María Eugenia,Galindo,1,mariaeugenia.galindo@example.com,lazyduck443,1980/02/05,44,Mexico
4943127,Zoé,Camacho,1,zoe.camacho@example.com,heavygoose279,1963/02/16,61,Mexico
3416528,Gabrielle,Wong,1,gabrielle.wong@example.com,redmouse887,1976/08/04,47,Canada
3329881,Alicia,Lam,1,alicia.lam@example.com,yellowsnake120,1993/03/05,31,Canada
6265972,Sophie,Jean-Baptiste,1,sophie.jean-baptiste@example.com,bigfish984,1968/06/10,55,Canada
1817287,Marianne,Miller,1,marianne.miller@example.com,sadbear890,1979/09/30,44,Canada
8118111,Ariane,Brown,1,ariane.brown@example.com,orangeelephant909,1961/02/20,63,Canada
2651447,Charlotte,Williams,1,charlotte.williams@example.com,yellowgorilla516,1956/07/16,67,Canada
8466236,Addison,Ross,1,addison.ross@example.com,yellowtiger137,1978/03/22,46,Canada
3384275,Marianne,Li,1,marianne.li@example.com,orangeswan238,1999/11/09,24,Canada
9567352,Brielle,Grewal,1,brielle.grewal@example.com,bluerabbit690,1954/09/12,69,Canada
3121977,Florence,Slawa,1,florence.slawa@example.com,beautifulwolf391,1997/10/20,26,Canada
2163137,Elizabeth,Abraham,1,elizabeth.abraham@example.com,bluebear789,1973/04/15,51,Canada
8931664,Jade,Pelletier,1,jade.pelletier@example.com,yellowduck823,1953/08/24,70,Canada
9345172,Rose,Gagné,1,rose.gagne@example.com,browndog170,1986/08/25,37,Canada
4581482,Leah,Stephens,1,leah.stephens@example.com,purpletiger982,1981/10/12,42,United States
4226579,Diana,Larson,1,diana.larson@example.com,heavyzebra726,1999/11/20,24,United States
4734643,Anne,Martinez,1,anne.martinez@example.com,bigladybug209,1993/11/21,30,United States
6912873,Gwendolyn,Reyes,1,gwendolyn.reyes@example.com,bluetiger588,1999/05/28,25,United States
3364165,Lois,Ramirez,1,lois.ramirez@example.com,heavypeacock587,1967/02/18,57,United States
6713582,Mattie,Dunn,1,mattie.dunn@example.com,bluebutterfly727,1979/04/23,45,United States
3212194,Christy,Simpson,1,christy.simpson@example.com,crazyfrog274,1987/04/08,37,United States
6554185,Anne,Henderson,1,anne.henderson@example.com,orangesnake358,1974/01/10,50,United States
3867618,Avery,Stevens,1,avery.stevens@example.com,orangebear931,1999/11/14,24,United States
4567268,Louella,Rodriquez,1,louella.rodriquez@example.com,heavyladybug278,1999/01/20,25,United States
6369425,Arlene,Miles,1,arlene.miles@example.com,sadzebra331,1959/01/02,65,United States
1694825,Natalie,Gardner,1,natalie.gardner@example.com,redwolf698,1945/12/23,78,United States
5687453,Rita,Hansen,1,rita.hansen@example.com,sadgorilla293,1962/02/28,62,United States
9759717,Bendita,Mendes,1,bendita.mendes@example.com,biggoose534,1958/08/09,65,Brazil
9477278,Elisandra,Fernandes,1,elisandra.fernandes@example.com,blackcat846,1982/10/03,41,Brazil
5834313,Vanesa,Ribeiro,1,vanesa.ribeiro@example.com,goldenbear481,1991/07/09,32,Brazil
4157561,Mirza,Araújo,1,mirza.araujo@example.com,smalltiger219,1956/09/27,67,Brazil
2361154,Darilha,Monteiro,1,darilha.monteiro@example.com,tinyleopard224,1976/01/03,48,Brazil
9326658,Charlene,da Conceição,1,charlene.daconceicao@example.com,sadcat242,1976/02/16,48,Brazil
3174357,Daline,Carvalho,1,daline.carvalho@example.com,beautifulswan208,1948/06/18,75,Brazil
1643286,Sinorá,da Paz,1,sinora.dapaz@example.com,blacklion883,1981/06/20,42,Brazil
8762755,Leila,Ramos,1,leila.ramos@example.com,orangekoala580,1947/11/27,76,Brazil
3763174,Osnilda,da Paz,1,osnilda.dapaz@example.com,sadostrich970,1968/03/26,56,Brazil
4944961,Adélia,Oliveira,1,adelia.oliveira@example.com,tinybear425,1996/08/22,27,Brazil
